<LightningComponentBundle xmlns="http://soap.sforce.com/2006/04/metadata">
	<apiVersion>61.0</apiVersion>
	<isExposed>true</isExposed>
	<masterLabel>Customer Ongoing Orders</masterLabel>
	<targets>
		<target>lightning__AppPage</target>
		<target>lightning__RecordPage</target>
		<target>lightningCommunity__Page</target>
		<target>lightningCommunity__Default</target>
	</targets>
	<targetConfigs>
		<targetConfig targets="lightning__AppPage">
			<property name="parentId" type="String" label="Parent id" required="true" />
			<supportedFormFactors>
				<supportedFormFactor type="Small"/>
				<supportedFormFactor type="Large"/>
			</supportedFormFactors>
		</targetConfig>
		<targetConfig targets="lightningCommunity__Default">
			<property name="parentId" type="String" label="Parent id" required="true" />
			<property name="recordId" type="String" label="Record id" />
		</targetConfig>
		<targetConfig targets="lightning__RecordPage">
			<property name="parentId" type="String" label="Parent id" required="true" />
			<property name="recordId" type="String" label="Record id" />
		</targetConfig>
	</targetConfigs>
</LightningComponentBundle>