<?xml version="1.0" encoding="UTF-8"?>
<LightningComponentBundle xmlns="http://soap.sforce.com/2006/04/metadata">
    <apiVersion>59.0</apiVersion>
    <isExposed>true</isExposed>
    <masterLabel>SalesAgreementProductSelector</masterLabel>
    <targets>
        <target>lightning__RecordPage</target>
        <target>lightning__FlowScreen</target>
    </targets>
        <targetConfigs>
            <targetConfig targets="lightning__FlowScreen">
                <propertyType name="T" extends="SObject" label="Input Type" description="Generic sObject data type used for input sObject properties" />
                <property name="records" type="{T[]}" label="input value" role="inputOnly" />
                <property name="selectedRows" type="{T[]}" label="Selected Rows" role="outputOnly"/>
                <property name="productLevel" type="String" label="Product Level"/>
                <property name="recordId" type="String" label="Record Id"/>
                <property name="locationId" type="String" label="Location Id"/>
                <property name="excluded" type="String[]" label="Excluded Products"/>
                <property name="countOfProducts" type="String" label="Count Of Products"/>
            </targetConfig>
          </targetConfigs>

</LightningComponentBundle>