<LightningComponentBundle xmlns="http://soap.sforce.com/2006/04/metadata">
	<apiVersion>59.0</apiVersion>
	<isExposed>true</isExposed>
	<masterLabel>Discount limit configurator</masterLabel>
	<targets>
		<target>lightning__AppPage</target>
	</targets>
	<targetConfigs>
		<targetConfig targets="lightning__AppPage">
			<supportedFormFactors>
				<supportedFormFactor type="Small"/>
				<supportedFormFactor type="Large"/>
			</supportedFormFactors>
		</targetConfig>
	</targetConfigs>
</LightningComponentBundle>