<LightningComponentBundle xmlns="http://soap.sforce.com/2006/04/metadata">
	<apiVersion>61.0</apiVersion>
	<isExposed>true</isExposed>
	<masterLabel>Experience site test</masterLabel>
	<targets>
		<target>lightningCommunity__Page</target>
		<target>lightningCommunity__Default</target>
	</targets>
	<targetConfigs>
		<targetConfig targets="lightningCommunity__Default">
			<property name="userId" type="String" label="User id" required="true" />
			<property name="accountId" type="String" label="Account id" />
		</targetConfig>
	</targetConfigs>
</LightningComponentBundle>