<LightningComponentBundle xmlns="http://soap.sforce.com/2006/04/metadata">
	<apiVersion>59.0</apiVersion>
	<isExposed>true</isExposed>
	<masterLabel>Custom datatable</masterLabel>
	<targets>
		<target>lightning__AppPage</target>
		<target>lightning__RecordPage</target>
	</targets>
	<targetConfigs>
		<targetConfig targets="lightning__AppPage">
			<property name="columnFields" type="String" description="Column Fields (api-name) separated by semi-colon (;)" label="Column fields" placeholder="Field1;Field2;Field3" required="true" />
			<property name="columnFieldLabels" type="String" description="Column Fields (labels) separated by semi-colon (;)" label="Column fields" placeholder="Field1;Field2;Field3"  />
			<property name="inlineEditEnabled" type="Boolean" description="Define if inline edit is enabled" label="Inline edit enabled" />
			<property name="columnEditFields" type="String" description="Column Fields (api-name) separated by semi-colon (;) to enable edit for specified field." label="Column fields" placeholder="Field1;Field2;Field3" default=" " />
			<property name="queryRecordsToShow" type="String" description="Provide query to retrieve records" label="Query records to show" placeholder="[Select Id from Account where ...]" required="true" />
			<property name="sObject" type="String" description="Sobject type for retrieved object" label="Sobject" required="true" />
			<property name="title" type="String" description="Title for datatable" label="Title"/>
			<property name="iconName" type="String" description="Icon name as slds icons" label="Icon Name"/>
			<supportedFormFactors>
				<supportedFormFactor type="Small"/>
				<supportedFormFactor type="Large"/>
			</supportedFormFactors>
		</targetConfig>
		<targetConfig targets="lightning__RecordPage">
			<property name="columnFields" type="String" description="Column Fields (api-name) separated by semi-colon (;)" label="Column fields" placeholder="Field1;Field2;Field3"  />
			<property name="columnFieldLabels" type="String" description="Column Fields (labels) separated by semi-colon (;)" label="Column fields" placeholder="Field1;Field2;Field3"  />
			<property name="inlineEditEnabled" type="Boolean" description="Define if inline edit is enabled" label="Inline edit enabled" />
			<property name="columnEditFields" type="String" description="Column Fields (api-name) separated by semi-colon (;) to enable edit for specified field." label="Column fields" placeholder="Field1;Field2;Field3" default=" " />
			<property name="queryRecordsToShow" type="String" description="Provide query to retrieve records" label="Query records to show" placeholder="[Select Id from Account where ...]" />
			<property name="sObject" type="String" description="Sobject type for retrieved object" label="Sobject" />
			<property name="title" type="String" description="Title for datatable" label="Title"/>
			<property name="iconName" type="String" description="Icon name as slds icons" label="Icon Name"/>
			<supportedFormFactors>
				<supportedFormFactor type="Small"/>
				<supportedFormFactor type="Large"/>
			</supportedFormFactors>
		</targetConfig>
	</targetConfigs>
</LightningComponentBundle>