<LightningComponentBundle xmlns="http://soap.sforce.com/2006/04/metadata">
	<apiVersion>59.0</apiVersion>
	<isExposed>true</isExposed>
	<masterLabel>Disposable message</masterLabel>
	<targets>
		<target>lightning__AppPage</target>
		<target>lightning__RecordPage</target>
	</targets>
	<targetConfigs>
		<targetConfig targets="lightning__AppPage">
			<property name="title" type="String" label="Title" required="true" default="Warning!"/>
			<property name="message" type="String" label="Message" required="true" default="msg!" />
			<property name="type" type="String" label="Type" required="true" datasource="error,success,warning" default="warning" />
			<supportedFormFactors>
				<supportedFormFactor type="Small"/>
				<supportedFormFactor type="Large"/>
			</supportedFormFactors>
		</targetConfig>
		<targetConfig targets="lightning__RecordPage">
			<property name="title" type="String" label="Title" required="true" default="Warning!"/>
			<property name="message" type="String" label="Message" required="true" default="msg!" />
			<property name="type" type="String" label="Type" required="true" datasource="error,success,warning" default="warning" />
			<supportedFormFactors>
				<supportedFormFactor type="Small"/>
				<supportedFormFactor type="Large"/>
			</supportedFormFactors>
		</targetConfig>
	</targetConfigs>
</LightningComponentBundle>