<?xml version="1.0" encoding="UTF-8"?>
<LightningComponentBundle xmlns="http://soap.sforce.com/2006/04/metadata">
    <apiVersion>59.0</apiVersion>
    <isExposed>true</isExposed>
    <targets>
        <target>lightning__FlowScreen</target>
        <target>lightning__RecordAction</target>
    </targets>
    <targetConfigs>
        <targetConfig targets="lightning__FlowScreen">
            <property name="title" type="String" label="Enter Title" />
            <property name="mode" type="String" label="Enter Mode" default="dismissible" />
            <property name="variant" type="String" label="Enter Variant" />
            <property name="message" type="String" label="Enter Toast Message"  />
        </targetConfig>
  
    </targetConfigs>
</LightningComponentBundle>